{
  "rouge1": {
    "precision": 0.4714285714285714,
    "recall": 0.4714285714285714,
    "f1": 0.4714285714285714,
    "low_f1": 0.4714285714285714,
    "high_f1": 0.4714285714285714
  },
  "rouge2": {
    "precision": 0.10144927536231885,
    "recall": 0.10144927536231885,
    "f1": 0.10144927536231885,
    "low_f1": 0.10144927536231885,
    "high_f1": 0.10144927536231885
  },
  "rougeLsum": {
    "precision": 0.24285714285714285,
    "recall": 0.24285714285714285,
    "f1": 0.24285714285714285,
    "low_f1": 0.24285714285714285,
    "high_f1": 0.24285714285714285
  }
}