{
  "tfidf_cosine_similarity": 0.2578473934491408,
  "coverage@0.10": 1.0,
  "redundancy_avg_pairwise": 0.018815621722534964,
  "top_keywords": [
    [
      "sheep",
      0.2750095491084634
    ],
    [
      "group",
      0.2750095491084634
    ],
    [
      "airway",
      0.2750095491084634
    ],
    [
      "reactive",
      0.18333969940564226
    ],
    [
      "stable",
      0.09166984970282113
    ],
    [
      "sheep model",
      0.09166984970282113
    ],
    [
      "sheep groups",
      0.09166984970282113
    ],
    [
      "sheep ascaris",
      0.09166984970282113
    ],
    [
      "saline group",
      0.09166984970282113
    ],
    [
      "saline",
      0.09166984970282113
    ]
  ],
  "notes": "Higher similarity & coverage are good; lower redundancy is better."
}