{
  "tfidf_cosine_similarity": 0.3083554578612154,
  "coverage@0.10": 1.0,
  "redundancy_avg_pairwise": 0.013497292226220203,
  "top_keywords": [
    [
      "sheep",
      0.423999152002544
    ],
    [
      "group",
      0.31799936400190804
    ],
    [
      "group sheep",
      0.31799936400190804
    ],
    [
      "rl",
      0.211999576001272
    ],
    [
      "study groups",
      0.105999788000636
    ],
    [
      "trapping",
      0.105999788000636
    ],
    [
      "volume frc",
      0.105999788000636
    ],
    [
      "stable rl",
      0.105999788000636
    ],
    [
      "study",
      0.105999788000636
    ],
    [
      "sheep reactive",
      0.105999788000636
    ]
  ],
  "notes": "Higher similarity & coverage are good; lower redundancy is better."
}