{
  "tfidf_cosine_similarity": 0.009694057293421975,
  "coverage@0.10": 0.0,
  "redundancy_avg_pairwise": 0.0070272996832911145,
  "top_keywords": [
    [
      "summarize",
      0.2407717061715384
    ],
    [
      "wrapped summary",
      0.1203858530857692
    ],
    [
      "wrapped",
      0.1203858530857692
    ],
    [
      "wants summarize",
      0.1203858530857692
    ],
    [
      "verbatim avoid",
      0.1203858530857692
    ],
    [
      "wants",
      0.1203858530857692
    ],
    [
      "ve provided",
      0.1203858530857692
    ],
    [
      "ve",
      0.1203858530857692
    ],
    [
      "values verbatim",
      0.1203858530857692
    ],
    [
      "verbatim",
      0.1203858530857692
    ]
  ],
  "notes": "Higher similarity & coverage are good; lower redundancy is better."
}